{
    "AGUA": {
        "mainColor": "#3B6388",
        "description": "Água é um tipo calmo e versátil, com vantagem sobre Fogo e Terrestre. Pokémons aquáticos são frequentemente encontrados em ambientes úmidos.",
        "pokemons": [
            {"imgUrl": "/img/Pokemons/Agua/1.png", "name": "Squirtle"},
            {"imgUrl": "/img/Pokemons/Agua/2.png", "name": "Totodile"},
            {"imgUrl": "/img/Pokemons/Agua/3.png", "name": "Mudkip"},
            {"imgUrl": "/img/Pokemons/Agua/4.png", "name": "Piplup"},
            {"imgUrl": "/img/Pokemons/Agua/5.png", "name": "Oshawott"},
            {"imgUrl": "/img/Pokemons/Agua/6.png", "name": "Froakie"},
            {"imgUrl": "/img/Pokemons/Agua/7.png", "name": "Popplio"},
            {"imgUrl": "/img/Pokemons/Agua/8.png", "name": "Sobble"},
            {"imgUrl": "/img/Pokemons/Agua/9.png", "name": "Quaxly"},
            {"imgUrl": "/img/Pokemons/Agua/10.png", "name": "Lapras"},
            {"imgUrl": "/img/Pokemons/Agua/11.png", "name": "Starmie"},
            {"imgUrl": "/img/Pokemons/Agua/12.png", "name": "Dratini"}
        ],
        "fraquezas": [
            {"imgUrl": "/img/Tipos/Eletrico.png"},
            {"imgUrl": "/img/Tipos/Planta.png"}
        ],
        "superEfetivo": [
            {"imgUrl": "/img/Tipos/Fogo.png"},
            {"imgUrl": "/img/Tipos/Terrestre.png"},
            {"imgUrl": "/img/Tipos/Pedra.png"}
        ]
    },
    "PLANTA": {
        "mainColor": "#3B8863",
        "description": "Planta é um tipo ligado à natureza, resistente à Água e terra. Pokémons do tipo Planta frequentemente possuem habilidades de cura e controle de status.",
        "pokemons": [
            {"imgUrl": "/img/Pokemons/Planta/1.png", "name": "Bulbasaur"},
            {"imgUrl": "/img/Pokemons/Planta/2.png", "name": "Chikorita"},
            {"imgUrl": "/img/Pokemons/Planta/3.png", "name": "Treecko"},
            {"imgUrl": "/img/Pokemons/Planta/4.png", "name": "Turtwig"},
            {"imgUrl": "/img/Pokemons/Planta/5.png", "name": "Snivy"},
            {"imgUrl": "/img/Pokemons/Planta/6.png", "name": "Chespin"},
            {"imgUrl": "/img/Pokemons/Planta/7.png", "name": "Rowlet"},
            {"imgUrl": "/img/Pokemons/Planta/8.png", "name": "Grookey"},
            {"imgUrl": "/img/Pokemons/Planta/9.png", "name": "Sprigatito"},
            {"imgUrl": "/img/Pokemons/Planta/10.png", "name": "Oddish"},
            {"imgUrl": "/img/Pokemons/Planta/11.png", "name": "Exeggcute"},
            {"imgUrl": "/img/Pokemons/Planta/12.png", "name": "Bellsprout"}
        ],
        "fraquezas": [
            {"imgUrl": "/img/Tipos/Fogo.png"},
            {"imgUrl": "/img/Tipos/Gelo.png"},
            {"imgUrl": "/img/Tipos/Poison.png"},
            {"imgUrl": "/img/Tipos/Voador.png"},
            {"imgUrl": "/img/Tipos/Inseto.png"}
        ],
        "superEfetivo": [
            {"imgUrl": "/img/Tipos/Agua.png"},
            {"imgUrl": "/img/Tipos/Terrestre.png"},
            {"imgUrl": "/img/Tipos/Pedra.png"}
        ]
    },
    "FOGO": {
        "mainColor": "#AD3F3F",
        "description": "O tipo Fogo é conhecido por sua chama ardente e poder de queimar. Pokémons do tipo Fogo são ofensivos, apaixonados e resistem a Planta e Inseto.",
        "pokemons": [
            {"imgUrl": "/img/Pokemons/Fogo/1.png", "name": "Charmander"},
            {"imgUrl": "/img/Pokemons/Fogo/2.png", "name": "Cyndaquil"},
            {"imgUrl": "/img/Pokemons/Fogo/3.png", "name": "Torchic"},
            {"imgUrl": "/img/Pokemons/Fogo/4.png", "name": "Chimchar"},
            {"imgUrl": "/img/Pokemons/Fogo/5.png", "name": "Tepig"},
            {"imgUrl": "/img/Pokemons/Fogo/6.png", "name": "Fennekin"},
            {"imgUrl": "/img/Pokemons/Fogo/7.png", "name": "Litten"},
            {"imgUrl": "/img/Pokemons/Fogo/8.png", "name": "Scorbunny"},
            {"imgUrl": "/img/Pokemons/Fogo/9.png", "name": "Fuecoco"},
            {"imgUrl": "/img/Pokemons/Fogo/10.png", "name": "Vulpix"},
            {"imgUrl": "/img/Pokemons/Fogo/11.png", "name": "Ponyta"},
            {"imgUrl": "/img/Pokemons/Fogo/12.png", "name": "Magmar"}
        ],
        "fraquezas": [
            {"imgUrl": "/img/Tipos/Agua.png"},
            {"imgUrl": "/img/Tipos/Terrestre.png"},
            {"imgUrl": "/img/Tipos/Pedra.png"}
        ],
        "superEfetivo": [
            {"imgUrl": "/img/Tipos/Planta.png"},
            {"imgUrl": "/img/Tipos/Gelo.png"},
            {"imgUrl": "/img/Tipos/Inseto.png"},
            {"imgUrl": "/img/Tipos/Aço.png"}
        ]
    }
}